{
    "accuracy": 0.6875,
    "precision": 0.6535433070866141,
    "recall": 0.3401639344262295,
    "f1_score": 0.4474393530997305
}